symbol,n_days,corr,abs_corr,price_corr,hv_corr,lv_corr,roll_mean,roll_std,roll_recent,predictive,pred_pval,pred_beta,hv_delta
ZS,4138,0.41773201319327025,0.41773201319327025,0.8458230596180648,0.33177757650023026,0.5358136996937132,0.5012888321051847,0.2198368603703617,0.5624930634344337,False,0.916073474151061,0.001870744521018797,-0.2040361231934829
XK,4011,0.33071885003167845,0.33071885003167845,0.8490284518093886,0.3386660257033036,0.37186066313518523,0.4502219793028437,0.22923206667527016,0.5260306083741372,False,0.8424701629466328,0.0030530658456128174,-0.03319463743188161
CPO,3764,0.24727141493509028,0.24727141493509028,0.8608013884285909,0.21199789979448883,0.2982295165371921,0.27267871543571703,0.10783396141102788,0.16345438610200538,False,0.9726546063480801,-0.0006081997617182283,-0.08623161674270327
HO,4139,0.24541774923229848,0.24541774923229848,0.7456964166900629,0.20507401450375148,0.3153308006832147,0.28217740102592204,0.14071853343878482,0.4057289227761451,False,0.11111061932591615,0.022381678414060607,-0.11025678617946319
XC,4013,0.2416352276520602,0.2416352276520602,0.8399744428283515,0.19814386495189693,0.3061732294106519,0.2708171003322359,0.12973316958933084,0.20626658988492547,False,0.7610347453624393,0.0045359560908106835,-0.10802936445875497
ZW,4122,0.238976011071662,0.238976011071662,0.8127966676326118,0.2288446745914005,0.270475482116192,0.2537696046497126,0.15724685872182617,0.2021192283452506,False,0.8118357390339856,0.0033522211257184073,-0.04163080752479148
BZ,4036,0.2386805131767197,0.2386805131767197,0.6186467570390699,0.21672029995702033,0.29478524566837894,0.27037442892375846,0.1255021497181354,0.34174075508813107,False,0.5246645681717109,0.00850893206150277,-0.07806494571135861
ZC,4122,0.22869916599087772,0.22869916599087772,0.838465599580405,0.18182262524005602,0.29216299856296857,0.2739085787708163,0.14145582817594612,0.24087411198345376,False,0.7908663024650728,-0.003727256326881727,-0.11034037332291255
CL,4145,0.22466364120743507,0.22466364120743507,0.6510786857364772,0.20328679600039834,0.27996385507831756,0.27093373410518407,0.12589403023939505,0.3321271126046553,False,0.8127225514517458,0.002788102852626908,-0.07667705907791922
XW,4013,0.21545587357702065,0.21545587357702065,0.8144592212159373,0.2128764077786556,0.2396804321051883,0.23013330852581615,0.15197033891574732,0.17296609651019998,False,0.11376864559127456,0.022044741619154547,-0.0268040243265327
HG,4145,0.20970119822085917,0.20970119822085917,0.7528343624270726,0.18603805694008366,0.26538765640550166,0.24177591171150892,0.14503799047473817,0.13050475976433626,False,0.11835234914108009,0.030567087863320762,-0.079349599465418
PL,4130,0.18167174671607755,0.18167174671607755,0.33826665064215833,0.16949517316439233,0.21516269310784622,0.2228623319915845,0.12056459335112488,0.07874941755335108,False,0.4368363597398043,0.014324145326733064,-0.04566751994345389
PA,4117,0.17764360882680214,0.17764360882680214,0.3042871697207149,0.16216807430047397,0.2133467594454138,0.2066156122074279,0.1350250262933262,0.11703642848976056,False,0.19508934895236807,0.017403105348682144,-0.05117868514493984
SI,4145,0.1776357278175004,0.1776357278175004,0.5412749536564821,0.17420369920721537,0.2119547266093164,0.21244310862578866,0.11264837774658965,0.15741247810483233,False,0.12926745833554573,0.023146972508106666,-0.03775102740210104
RB,4139,0.17673079883447512,0.17673079883447512,0.7129728276467403,0.1364880435203208,0.24175110872677574,0.21387368144554852,0.15071383605564265,0.17955472537926578,True,0.003277541869538509,0.03546271380400465,-0.10526306520645495
KE,3110,0.17441369793904243,0.17441369793904243,0.8431854081400206,0.19993986814245399,0.1741615644086034,0.18854605053025084,0.10646588557122315,0.21817546904448656,False,0.7943764384745029,-0.004365283818096958,0.025778303733850594
QI,4019,0.17200746977496312,0.17200746977496312,0.5715667128301689,0.17567833308212685,0.19784630499805697,0.20463389414561617,0.10960076511536097,0.14890943281077929,False,0.08095134686956326,0.027605194041662277,-0.022167971915930118
ALI,1809,0.16061716055074157,0.16061716055074157,0.7490858712897606,0.17651680778276352,0.14897055599449696,0.180290396514511,0.09004871231659087,0.19573480309401475,False,0.6306470558825605,-0.014678559683445521,0.027546251788266557
ZO,4103,0.16033934871179575,0.16033934871179575,0.7417260224014198,0.16180891065962483,0.17354779274205948,0.1869306672567847,0.1512928466345206,0.11871935341659519,False,0.06055448105190189,-0.021112955907136945,-0.011738882082434648
6A,4126,0.15335298122373534,0.15335298122373534,0.18537948030952717,0.11503782531506875,0.2131755502266226,0.17309027377973848,0.12354295457011497,0.1561455348705981,True,0.009372944301283449,0.08969741344929283,-0.09813772491155386
MYM,1688,0.1530478562243477,0.1530478562243477,0.32364678469299435,0.10894313565750029,0.23926763966483391,0.1519535779208634,0.10765747979582709,0.09032783555492561,True,0.0411970928347917,0.0776736017283855,-0.13032450400733364
M2K,1689,0.1503911251260538,0.1503911251260538,0.4644538238633892,0.10133458355962154,0.24391593583618304,0.14346264984162058,0.12044271836804535,0.14348438625034646,True,0.027347601745339522,0.06148719487276152,-0.1425813522765615
MES,1689,0.14955022340436552,0.14955022340436552,0.28638834133975094,0.10624547586645133,0.23476822536991365,0.1446780819823561,0.10511802303513623,0.15232917793296769,True,0.025253735482173585,0.08119933947367008,-0.12852274950346232
M6A,4040,0.1489341322999641,0.1489341322999641,0.19184986286870806,0.11443698340283451,0.20545474967237562,0.1683638433936658,0.12149458700459559,0.15801024735519734,True,0.0012547233986217278,0.11374186561254163,-0.09101776626954111
EMD,4032,0.14872277170008247,0.14872277170008247,0.23156294540502148,0.09047898972814027,0.22985436386154354,0.16286123378950604,0.13348867529698388,0.1957535453814433,True,0.047481829382506315,0.04674457448760882,-0.13937537413340328
ES,4139,0.14188744467529646,0.14188744467529646,0.26368150022157755,0.08550894287438487,0.21798506802079867,0.15865793891904661,0.12482528405836715,0.1703201625216542,True,0.04842440014085262,0.052887608713529946,-0.1324761251464138
YM,4139,0.14080121683513003,0.14080121683513003,0.23819033472853332,0.08642955030736717,0.21447404612722512,0.16100261122881737,0.11826023917972975,0.10307692130537545,False,0.1335687122073872,0.042459974676365086,-0.12804449581985794
QU,763,0.13462737061675942,0.13462737061675942,0.7193892791182674,0.16149762664548256,0.12543176877511805,0.13556795300076527,0.05047050160819912,0.24655779877676046,False,0.6789760111620908,0.0054166058156384835,0.03606585787036451
NIY,4005,0.12923865403009704,0.12923865403009704,0.1471316112804011,0.09871984082076159,0.1794174831916866,0.15437517366823214,0.13063426007433018,0.10738721786131399,False,0.29036575956020566,0.023972676364718715,-0.08069764237092501
VX,3901,-0.12848574223638098,0.12848574223638098,0.1779041265381869,-0.07775711251888585,-0.186668129130501,-0.14564897200986632,0.11579986460296098,-0.15587425000136407,True,0.04262194762444145,-0.00687858592108474,0.10891101661161513
TT,770,0.12584064233398384,0.12584064233398384,0.7460270057538335,0.11389767299081724,0.13911067514060466,0.14893852548344172,0.08620428563601365,0.05140993621588969,False,0.9314220001932898,-0.0016072996167686491,-0.025213002149787417
RTY,2157,0.12192887835784828,0.12192887835784828,0.5894856821241216,0.08426309794027688,0.21057834358140992,0.1315490459616184,0.11734809350627581,0.15878991459233274,False,0.17782306980674215,0.039937926457710375,-0.12631524564113306
MNQ,1689,0.11933802137623557,0.11933802137623557,0.24582910148117937,0.0867236589025787,0.18338226903887728,0.11700716724269909,0.1059663199456497,0.17617762343488633,False,0.1004550199434842,0.048229735124699906,-0.09665861013629858
GC,4145,0.11700599476865274,0.11700599476865274,0.38405734651837,0.13619851887284076,0.12065618897484284,0.13968133204441754,0.09537527502040932,0.08411993772769355,False,0.16625758400210522,0.039893013414096096,0.01554232989799792
6C,4127,0.11669544820319788,0.11669544820319788,0.25447157792108943,0.06459970560338481,0.18336976434443714,0.13396091861877923,0.132486071266202,0.08433173148979936,False,0.10437079437757787,0.07156327406900381,-0.11877005874105233
NQ,4139,0.11600352602810361,0.11600352602810361,0.29305129949853115,0.06738970360647344,0.18117968899028775,0.1366717786321702,0.13510782888226308,0.18914409865840787,False,0.0816633842948078,0.03879960159364778,-0.11378998538381431
QO,4030,0.11439187916079245,0.11439187916079245,0.39024949408551995,0.14206804226985076,0.10895012888174131,0.1334033178245862,0.09675869370433654,0.08469882047516855,False,0.16279184900034793,0.04108304183846147,0.033117913388109446
ZM,4120,0.11416121290336347,0.11416121290336347,0.5411772686570988,0.05146284584893113,0.18088813548986907,0.16777822571431292,0.22529252575797115,-0.10404073014333312,False,0.5115825941541485,0.009712911385057761,-0.12942528964093794
SBLK,4000,0.1118731379677876,0.1118731379677876,0.29175555774794315,0.11520409022559376,0.12984695925298306,0.1240565402318069,0.07980792507902619,0.24864234750974967,False,0.5560592484648134,0.004604052059654597,-0.014642869027389302
MGC,3927,0.11006546204484602,0.11006546204484602,0.39022313396133435,0.13126754809747262,0.10973997598541109,0.12217839281072417,0.08848614854299554,0.0696802843346445,False,0.16374648528786576,0.0416895952724935,0.021527572112061535
QM,4030,0.10676548666607288,0.10676548666607288,0.6596840441007807,0.2090982068627695,0.12149738210893107,0.2557155128639432,0.125866540080335,0.31853369897901057,False,0.3415129029054652,0.00483509800049506,0.08760082475383843
LE,3995,0.10389629169973019,0.10389629169973019,0.28570111299248,0.10503639092932367,0.11783577874833534,0.10719078728570894,0.08009964510975569,0.21213401541501745,False,0.5816014203788851,-0.01226217419246683,-0.012799387819011673
6L,3739,0.10047544251923578,0.10047544251923578,0.017643117866086622,0.09826564759801258,0.11677638141274178,0.1032398287535916,0.09136349086117261,0.1699592199706422,False,0.8793307346828132,0.0026560044537421446,-0.018510733814729202
QH,980,0.09924769976446572,0.09924769976446572,0.7463724261334742,0.11428184416591843,0.1025042428959918,0.1065705063470194,0.08148325327856944,0.1303385421263023,False,0.8933635381845674,0.0016802163333436496,0.011777601269926621
6N,4127,0.09571531307449449,0.09571531307449449,0.016672366802294263,0.04690011247752018,0.15690560033521087,0.11388678193545661,0.1328350259264447,0.14286076849640844,False,0.05546597893969951,0.06144448567653509,-0.11000548785769068
DX,3913,-0.09358466625555235,0.09358466625555235,-0.034811376775797404,-0.07921060732076106,-0.12308643837722939,-0.10482485323799291,0.11553703073994498,0.019132273746236984,False,0.9579939128928205,-0.0034405366285540735,0.043875831056468334
UB,4026,-0.0906641391554179,0.0906641391554179,-0.3164527696826587,-0.05133209319373521,-0.14412943387620014,-0.10818605218327579,0.1070672202370153,-0.1301488488901676,False,0.08710042455104804,-0.05659236050755278,0.09279734068246492
ZB,4137,-0.08330153278633096,0.08330153278633096,-0.40424288261598423,-0.03587751833309618,-0.14214194725009774,-0.10712875448555695,0.11334841772905098,-0.15557385507194801,False,0.16244721396835396,-0.06076661445445005,0.10626442891700155
MET,1022,0.0820528190969897,0.0820528190969897,-0.40378015051088156,0.08355292817629716,0.08614332079732968,0.06598277491209394,0.051110038022417155,0.18214903715778133,False,0.060352467474177045,0.02587007890763869,-0.002590392621032528
M6B,4034,0.0745952721830898,0.0745952721830898,0.02541657176786058,0.07724993356434785,0.08327014888287369,0.08396165449678003,0.09954942366659081,0.0331080227981359,False,0.8641543873145499,0.007989991584541879,-0.00602021531852584
6E,4132,0.07338051016762955,0.07338051016762955,0.1078841918755883,0.06013443046054714,0.09858016670256199,0.08601304647422882,0.09447348017404586,-0.0705269182610875,False,0.3158929401132564,-0.04592952832864535,-0.038445736242014854
6B,4132,0.07337428689216965,0.07337428689216965,0.020455307580805847,0.07135460958452985,0.08646244244215637,0.08583231865191988,0.10418625743780138,0.0051903606952119615,False,0.7326217679784793,0.015685134612232535,-0.015107832857626513
MBT,1175,0.07020049920408464,0.07020049920408464,-0.5711857115741383,0.07250000254277968,0.06990178091798355,0.05883504477215216,0.05655258598311714,0.1907949438912006,False,0.3358981243971403,0.015496356219787545,0.0025982216247961293
ZR,4093,0.06863273923598188,0.06863273923598188,-0.0509363930250166,0.07063862536160223,0.08619691218441518,0.10385009161096824,0.11771718837561591,-0.04037063935304685,False,0.8768253829476796,-0.0017759314420237324,-0.015558286822812947
ZN,4137,-0.06820503061462059,0.06820503061462059,-0.2554866915465966,-0.023222214384306186,-0.12421973981500307,-0.08957934525228257,0.10683699744767833,-0.21333977191666484,False,0.5333627223812533,-0.05216015265110522,0.10099752543069689
M6E,4045,0.0657995989784361,0.0657995989784361,0.12050842400232023,0.05044832429534888,0.09183389647915337,0.07982345789670925,0.0891142033592906,-0.0661531956250892,False,0.36020700597029875,-0.04262692054954577,-0.04138557218380449
10Y,1106,0.06515789359920106,0.06515789359920106,-0.5039734765503591,0.04280704731705215,0.1309751459764276,0.07884453683176572,0.06629683364884446,0.12629833246469727,False,0.11661782364393579,0.046589755193712404,-0.08816809865937544
QG,4031,0.059500362390008596,0.059500362390008596,0.5637558664906854,0.05640875139696308,0.07096472058297677,0.06334234070137376,0.07645345236590746,0.10853334016671137,False,0.6727493634024804,-0.003647416962188852,-0.014555969186013692
30Y,729,0.05939807161572272,0.05939807161572272,-0.43497859785747167,0.05737710253656287,0.06843894030813341,0.04667141088222097,0.032673645444495095,0.00897839469072213,True,0.030551093203554282,0.08540221919177346,-0.011061837771570542
ZF,4135,-0.05869646279177679,0.05869646279177679,-0.1913459872202872,-0.024123747922215315,-0.1037602096012354,-0.08050160013112942,0.09700806809130326,-0.22768250617174685,False,0.5949476815055194,-0.06773020818085956,0.07963646167902008
DXY,2563,-0.056949773869108336,0.056949773869108336,0.3792796307882148,-0.06978076169397358,-0.04747423544875055,-0.07403980263294696,0.0691944125101989,0.015146597638781487,False,0.5990157559251628,-0.04930968986011064,-0.022306526245223036
NG,4145,0.055610192042258984,0.055610192042258984,0.5495089042100765,0.06352936074555714,0.05463896876513501,0.05804974476255299,0.07175281504898037,0.0948459378456651,False,0.9363721152719908,-0.0006765117314852627,0.00889039198042213
RS,3521,0.05133323519638528,0.05133323519638528,0.8365266582121349,0.04672132182186352,0.059603145561278506,0.47227470540938643,0.17797756755082553,0.05372160056270522,False,0.9044784630531855,-0.00019333300577459105,-0.012881823739414988
TN,2789,-0.04912890862851975,0.04912890862851975,-0.3856301475519667,-0.011970314248585625,-0.10841086710481761,-0.05279973295621976,0.09390623317705853,-0.18500976708614217,False,0.5693871611521044,-0.03935652508868027,0.09644055285623199
BDRY,1953,0.046609593646312,0.046609593646312,0.1286964225912062,0.046321866777328115,0.05540524769462956,0.064127882967163,0.09804824875735654,0.15112196252073484,False,0.48334377479875257,-0.008059074615603177,-0.009083380917301445
ZT,4132,-0.043513076762216316,0.043513076762216316,-0.21896292538356507,-0.024878682605517937,-0.0702811159881516,-0.05595552344646784,0.08498176903936572,-0.23438882089090227,False,0.18346127695649375,-0.421356429484405,0.04540243338263365
MCL,1132,0.04055049533549189,0.04055049533549189,0.6809117927816891,0.04562472839654561,0.2855089833997127,0.3292140077068597,0.07791893292083743,0.3310854076492431,False,0.42979538281909635,1.2484654475768986e-05,-0.2398842550031671
GVZ,2589,-0.03700763527154842,0.03700763527154842,0.1543866964704918,0.027074730783123675,-0.11479278235954499,-0.04857778476814212,0.11803770825084127,-0.03667397019687239,False,0.8213013445105912,0.0016714880895596224,0.14186751314266866
LBR,908,0.03684830339917614,0.03684830339917614,0.36878177985810917,0.038407738553374864,0.0335370596996529,0.05448610120124326,0.031571525293311475,0.11161757371615073,False,0.52533424786772,0.00600638762848617,0.0048706788537219645
GF,3990,0.033486758685290614,0.033486758685290614,0.18661334888618983,0.027478660445347095,0.04130755339846203,0.033142974870347106,0.10314972486548124,0.1929156129849251,False,0.712174692387674,-0.00818215169662929,-0.013828892953114937
6Z,3548,0.031777452540522264,0.031777452540522264,0.02302152935040845,0.007231386745587996,0.06355514392577502,0.045703715235245676,0.05527822413294127,-0.010987263071693409,False,0.5623807699424885,-0.005259384895901822,-0.05632375718018703
2YY,999,0.030125545947869203,0.030125545947869203,-0.3506380145825375,0.009030808182599489,0.08565420520620358,0.052434345439739426,0.07553016104757854,0.16832296189640836,False,0.28339118559372795,0.02347212650624732,-0.07662339702360409
HE,3995,0.027649263001104995,0.027649263001104995,0.569834849331076,0.027170764785896705,0.032626726571137105,0.031997031185358286,0.09353591928746399,0.08194078233471733,False,0.2961195008739239,-0.009985632934049212,-0.005455961785240399
6M,4107,0.027508824660096434,0.027508824660096434,0.1735681764372992,0.030528589481916453,0.03634121294809858,0.04210026727359938,0.05638834871665329,0.020474974217245416,False,0.7945790852051102,-0.002645330023688774,-0.0058126234661821236
SR3,1853,-0.025704844695026707,0.025704844695026707,-0.2792709709167946,-0.016830281784028504,-0.05113921389147288,-0.014842143747634703,0.06518882261854257,-0.1743223482855331,False,0.6805291021932658,0.06515056731339877,0.03430893210744437
5YY,420,0.024773906427445667,0.024773906427445667,0.120757809794998,0.03742784444270967,-0.005785937848972656,0.012401633185785722,0.026499680874638547,0.05091976139390711,False,0.2363488082609017,0.037384190154536964,0.04321378229168232
DC,3981,0.015568320981490174,0.015568320981490174,0.43095997176710166,0.03254391663208967,0.007137900031875913,0.03066478268946712,0.06144466034485847,-0.06582622939105913,False,0.06994599708038633,-0.01839521795293808,0.025406016600213757
6J,4131,0.01018876605883973,0.01018876605883973,-0.05078769783046808,,0.017894904797773576,,,,False,0.3077950362434247,0.05027727568893116,
DY,3008,0.009175856617788624,0.009175856617788624,0.46271709710885806,-0.009502425942591696,0.022255951385994812,0.009560224982239613,0.05601546030308037,-0.03285780569303305,False,0.7103033601384318,0.001624050773465624,-0.03175837732858651
ZQ,3971,0.00633276676904809,0.00633276676904809,-0.18966041091224153,0.022803199610298534,0.0016138542594976613,0.0050633622027308894,0.05574083839582267,0.0014145129291102717,False,0.6123698407210049,0.06123753142293273,0.021189345350800873
6S,4127,0.004797280992328781,0.004797280992328781,0.39981714061609697,0.005641236769848051,0.005387447893249121,-0.002281741089243141,0.07897079068586028,-0.10234701081538523,False,0.21415119193985135,0.04796030464347359,0.0002537888765989302
6R,2835,0.003827513496662343,0.003827513496662343,0.047582784519679955,-0.00012731863820880494,0.07190279370995317,0.04602940914036029,0.06663896059525501,0.00118824003291425,False,0.4857677834783988,0.0001538268474112194,-0.07203011234816198
SR1,1904,-0.0027467676404712925,0.0027467676404712925,-0.13991288876327626,0.0019325052694353047,-0.013904800129597347,0.011522838715512178,0.04910594934046529,-0.016883697286811508,False,0.6432539588159638,0.15535898144503685,0.01583730539903265
GE,3404,0.0016952267903641448,0.0016952267903641448,-0.17253179886098088,0.0408722313667458,-0.03255634293676037,-0.01719530307020718,0.07277468519647082,0.09878662146408104,False,0.5704624338030725,-0.06562534527028946,0.07342857430350617
